rank,file,t_sec,score,U,A,D,n_boxes,n_ambiguous,empty,selected
1,frame_0073.jpg,29.2,0.7413,0.4826,1.0,1.0,6,5,False,True
2,frame_0074.jpg,29.6,0.7085,0.537,0.8,1.0,7,4,False,False
3,frame_0070.jpg,28.0,0.7031,0.5263,0.8,1.0,5,4,False,False
4,frame_0000.jpg,0.0,0.6678,0.4555,0.8,1.0,5,4,False,True
5,frame_0031.jpg,12.4,0.6557,0.4314,0.8,1.0,8,4,False,True
6,frame_0071.jpg,28.4,0.6553,0.4306,0.8,1.0,5,4,False,False
7,frame_0387.jpg,154.8,0.6402,0.6005,1.0,0.2,8,5,False,True
8,frame_0204.jpg,81.6,0.636,0.0,0.0,0.68,0,0,True,True
9,frame_0016.jpg,6.4,0.6207,0.3614,0.8,1.0,5,4,False,True
10,frame_0376.jpg,150.4,0.6134,0.5628,1.0,0.16,8,5,False,True
11,frame_0001.jpg,0.4,0.6036,0.4472,0.6,1.0,7,3,False,False
12,frame_0298.jpg,119.2,0.5944,0.3648,1.0,0.56,5,5,False,True
13,frame_0398.jpg,159.2,0.5911,0.6062,0.8,0.24,6,4,False,True
14,frame_0075.jpg,30.0,0.5897,0.4355,0.6,0.96,5,3,False,False
15,frame_0288.jpg,115.2,0.5729,0.3778,0.8,0.72,7,4,False,True
16,frame_0276.jpg,110.4,0.5688,0.4415,1.0,0.24,6,5,False,True
17,frame_0396.jpg,158.4,0.5673,0.4705,1.0,0.16,7,5,False,False
18,frame_0072.jpg,28.8,0.5664,0.4928,0.4,1.0,5,2,False,False
19,frame_0128.jpg,51.2,0.5661,0.4361,0.6,0.84,6,3,False,True
20,frame_0123.jpg,49.2,0.5647,0.5134,0.6,0.64,4,3,False,False
21,frame_0032.jpg,12.8,0.5633,0.3666,0.6,1.0,5,3,False,False
22,frame_0069.jpg,27.6,0.5561,0.3523,0.6,1.0,5,3,False,False
23,frame_0077.jpg,30.8,0.5561,0.4002,0.6,0.88,5,3,False,False
24,frame_0397.jpg,158.8,0.5558,0.5516,0.8,0.2,7,4,False,False
25,frame_0289.jpg,115.6,0.554,0.4439,0.6,0.76,4,3,False,False
26,frame_0388.jpg,155.2,0.5529,0.4418,1.0,0.16,6,5,False,False
27,frame_0375.jpg,150.0,0.5456,0.5312,0.8,0.2,8,4,False,False
28,frame_0076.jpg,30.4,0.5423,0.4766,0.4,0.92,6,2,False,False
29,frame_0025.jpg,10.0,0.5399,0.5598,0.2,1.0,1,1,False,False
30,frame_0297.jpg,118.8,0.539,0.358,0.8,0.6,5,4,False,False
31,frame_0129.jpg,51.6,0.5383,0.3647,0.6,0.88,5,3,False,False
32,frame_0328.jpg,131.2,0.5351,0.4381,1.0,0.08,8,5,False,False
33,frame_0167.jpg,66.8,0.5242,0.4485,0.6,0.6,5,3,False,False
34,frame_0291.jpg,116.4,0.5169,0.3378,0.6,0.84,5,3,False,False
35,frame_0067.jpg,26.8,0.515,0.39,0.4,1.0,6,2,False,False
36,frame_0287.jpg,114.8,0.5129,0.5137,0.4,0.68,5,2,False,False
37,frame_0124.jpg,49.6,0.5122,0.3925,0.6,0.68,6,3,False,False
38,frame_0095.jpg,38.0,0.511,0.478,0.8,0.16,5,4,False,False
39,frame_0005.jpg,2.0,0.5087,0.3773,0.4,1.0,3,2,False,False
40,frame_0300.jpg,120.0,0.5066,0.4613,0.6,0.48,3,3,False,False
41,frame_0068.jpg,27.2,0.502,0.3639,0.4,1.0,4,2,False,False
42,frame_0285.jpg,114.0,0.4995,0.5191,0.4,0.6,4,2,False,False
43,frame_0079.jpg,31.6,0.4992,0.3183,0.6,0.8,5,3,False,False
44,frame_0087.jpg,34.8,0.4992,0.4465,0.6,0.48,3,3,False,False
45,frame_0081.jpg,32.4,0.4948,0.4616,0.4,0.72,2,2,False,False
46,frame_0008.jpg,3.2,0.4946,0.3493,0.4,1.0,4,2,False,False
47,frame_0224.jpg,89.6,0.4922,0.5764,0.6,0.12,4,3,False,False
48,frame_0130.jpg,52.0,0.49,0.3721,0.4,0.92,3,2,False,False
49,frame_0033.jpg,13.2,0.4894,0.3388,0.4,1.0,6,2,False,False
50,frame_0173.jpg,69.2,0.4871,0.4701,0.6,0.36,5,3,False,False
51,frame_0290.jpg,116.0,0.4869,0.4139,0.4,0.8,4,2,False,False
52,frame_0330.jpg,132.0,0.4827,0.4693,0.8,0.04,6,4,False,False
53,frame_0002.jpg,0.8,0.4825,0.3251,0.4,1.0,7,2,False,False
54,frame_0078.jpg,31.2,0.4803,0.3845,0.4,0.84,3,2,False,False
55,frame_0320.jpg,128.0,0.4784,0.5008,0.6,0.24,6,3,False,False
56,frame_0006.jpg,2.4,0.4731,0.3062,0.4,1.0,3,2,False,False
57,frame_0327.jpg,130.8,0.4716,0.4472,0.8,0.04,8,4,False,False
58,frame_0017.jpg,6.8,0.4684,0.2969,0.4,1.0,3,2,False,False
59,frame_0295.jpg,118.0,0.468,0.544,0.2,0.68,4,1,False,False
60,frame_0368.jpg,147.2,0.4677,0.4393,0.8,0.04,9,4,False,False
61,frame_0367.jpg,146.8,0.4644,0.4167,0.8,0.08,7,4,False,False
62,frame_0317.jpg,126.8,0.4624,0.3648,0.8,0.2,6,4,False,False
63,frame_0169.jpg,67.6,0.4614,0.3548,0.6,0.52,5,3,False,False
64,frame_0168.jpg,67.2,0.4609,0.3378,0.6,0.56,5,3,False,False
65,frame_0304.jpg,121.6,0.4554,0.4228,0.6,0.32,4,3,False,False
66,frame_0007.jpg,2.8,0.4513,0.2627,0.4,1.0,4,2,False,False
67,frame_0106.jpg,42.4,0.4488,0.4016,0.8,0.04,7,4,False,False
68,frame_0089.jpg,35.6,0.448,0.3759,0.6,0.4,3,3,False,False
69,frame_0004.jpg,1.6,0.4441,0.2483,0.4,1.0,4,2,False,False
70,frame_0127.jpg,50.8,0.4412,0.3224,0.4,0.8,6,2,False,False
71,frame_0296.jpg,118.4,0.4395,0.3831,0.4,0.64,4,2,False,False
72,frame_0010.jpg,4.0,0.438,0.356,0.2,1.0,2,1,False,False
73,frame_0286.jpg,114.4,0.4329,0.3698,0.4,0.64,6,2,False,False
74,frame_0294.jpg,117.6,0.4329,0.3378,0.4,0.72,5,2,False,False
75,frame_0278.jpg,111.2,0.4328,0.3776,0.6,0.32,6,3,False,False
76,frame_0374.jpg,149.6,0.4264,0.4129,0.6,0.2,6,3,False,False
77,frame_0170.jpg,68.0,0.4244,0.2967,0.6,0.48,5,3,False,False
78,frame_0233.jpg,93.2,0.4239,0.5117,0.4,0.24,3,2,False,False
79,frame_0370.jpg,148.0,0.4233,0.3505,0.8,0.04,7,4,False,False
80,frame_0126.jpg,50.4,0.4213,0.2985,0.4,0.76,7,2,False,False
81,frame_0232.jpg,92.8,0.4185,0.637,0.2,0.2,3,1,False,False
82,frame_0292.jpg,116.8,0.4181,0.2761,0.4,0.8,7,2,False,False
83,frame_0399.jpg,159.6,0.4177,0.3634,0.6,0.28,7,3,False,False
84,frame_0386.jpg,154.4,0.4176,0.3792,0.6,0.24,6,3,False,False
85,frame_0015.jpg,6.0,0.4133,0.3067,0.2,1.0,3,1,False,False
86,frame_0121.jpg,48.4,0.4133,0.3627,0.4,0.56,4,2,False,False
87,frame_0277.jpg,110.8,0.4114,0.3509,0.6,0.28,6,3,False,False
88,frame_0390.jpg,156.0,0.4095,0.4271,0.6,0.08,7,3,False,False
89,frame_0097.jpg,38.8,0.4061,0.4202,0.6,0.08,4,3,False,False
90,frame_0315.jpg,126.0,0.4034,0.3988,0.6,0.12,6,3,False,False
91,frame_0176.jpg,70.4,0.4024,0.3488,0.6,0.24,5,3,False,False
92,frame_0306.jpg,122.4,0.4022,0.3484,0.6,0.24,5,3,False,False
93,frame_0303.jpg,121.2,0.4016,0.4191,0.4,0.36,5,2,False,False
94,frame_0030.jpg,12.0,0.3986,0.2771,0.2,1.0,5,1,False,False
95,frame_0299.jpg,119.6,0.3981,0.3481,0.4,0.52,6,2,False,False
96,frame_0230.jpg,92.0,0.3956,0.3831,0.6,0.12,6,3,False,False
97,frame_0385.jpg,154.0,0.3952,0.3504,0.6,0.2,5,3,False,False
98,frame_0028.jpg,11.2,0.3944,0.2689,0.2,1.0,3,1,False,False
99,frame_0132.jpg,52.8,0.3932,0.2664,0.2,1.0,5,1,False,False
100,frame_0003.jpg,1.2,0.3912,0.2624,0.2,1.0,5,1,False,False
101,frame_0284.jpg,113.6,0.3907,0.4373,0.2,0.56,5,1,False,False
102,frame_0333.jpg,133.2,0.3889,0.3858,0.6,0.08,6,3,False,False
103,frame_0293.jpg,117.2,0.3882,0.2324,0.4,0.76,5,2,False,False
104,frame_0381.jpg,152.4,0.3835,0.5109,0.4,0.04,3,2,False,False
105,frame_0301.jpg,120.4,0.3826,0.3493,0.4,0.44,4,2,False,False
106,frame_0125.jpg,50.0,0.3821,0.3562,0.2,0.72,6,1,False,False
107,frame_0020.jpg,8.0,0.3789,0.2377,0.2,1.0,3,1,False,False
108,frame_0029.jpg,11.6,0.3761,0.3522,0.0,1.0,4,0,False,False
109,frame_0131.jpg,52.4,0.376,0.248,0.2,0.96,4,1,False,False
110,frame_0274.jpg,109.6,0.3756,0.3272,0.6,0.16,6,3,False,False
111,frame_0283.jpg,113.2,0.3754,0.3028,0.4,0.52,5,2,False,False
112,frame_0329.jpg,131.6,0.3737,0.3554,0.6,0.08,8,3,False,False
113,frame_0018.jpg,7.2,0.3735,0.2269,0.2,1.0,4,1,False,False
114,frame_0133.jpg,53.2,0.3728,0.2256,0.2,1.0,5,1,False,False
115,frame_0319.jpg,127.6,0.3721,0.3922,0.4,0.28,4,2,False,False
116,frame_0216.jpg,86.4,0.3702,0.3243,0.4,0.44,3,2,False,False
117,frame_0395.jpg,158.0,0.3688,0.3296,0.6,0.12,6,3,False,False
118,frame_0112.jpg,44.8,0.3674,0.4147,0.4,0.2,4,2,False,False
119,frame_0281.jpg,112.4,0.3672,0.4383,0.2,0.44,3,1,False,False
120,frame_0027.jpg,10.8,0.367,0.214,0.2,1.0,4,1,False,False
121,frame_0094.jpg,37.6,0.3652,0.4105,0.4,0.2,4,2,False,False
122,frame_0209.jpg,83.6,0.365,0.322,0.2,0.72,2,1,False,False
123,frame_0024.jpg,9.6,0.3649,0.2097,0.2,1.0,2,1,False,False
124,frame_0332.jpg,132.8,0.3629,0.3499,0.6,0.04,6,3,False,False
125,frame_0111.jpg,44.4,0.3615,0.539,0.2,0.16,3,1,False,False
126,frame_0175.jpg,70.0,0.3592,0.3664,0.4,0.28,7,2,False,False
127,frame_0377.jpg,150.8,0.3586,0.4292,0.4,0.12,6,2,False,False
128,frame_0220.jpg,88.0,0.3582,0.3643,0.4,0.28,3,2,False,False
129,frame_0279.jpg,111.6,0.3534,0.3229,0.4,0.36,5,2,False,False
130,frame_0302.jpg,120.8,0.3507,0.3013,0.4,0.4,5,2,False,False
131,frame_0174.jpg,69.6,0.3438,0.3197,0.4,0.32,3,2,False,False
132,frame_0271.jpg,108.4,0.334,0.412,0.4,0.04,3,2,False,False
133,frame_0113.jpg,45.2,0.3326,0.3293,0.4,0.24,5,2,False,False
134,frame_0384.jpg,153.6,0.3317,0.3595,0.4,0.16,7,2,False,False
135,frame_0096.jpg,38.4,0.3306,0.3732,0.4,0.12,5,2,False,False
136,frame_0115.jpg,46.0,0.3289,0.4098,0.2,0.32,5,1,False,False
137,frame_0198.jpg,79.2,0.3279,0.3598,0.2,0.44,1,1,False,False
138,frame_0085.jpg,34.0,0.3232,0.3023,0.2,0.56,3,1,False,False
139,frame_0225.jpg,90.0,0.3231,0.3741,0.4,0.08,3,2,False,False
140,frame_0282.jpg,112.8,0.3229,0.3339,0.2,0.48,4,1,False,False
141,frame_0382.jpg,152.8,0.3228,0.3736,0.4,0.08,5,2,False,False
142,frame_0082.jpg,32.8,0.3221,0.2522,0.2,0.68,5,1,False,False
143,frame_0208.jpg,83.2,0.3195,0.215,0.2,0.76,3,1,False,False
144,frame_0186.jpg,74.4,0.319,0.382,0.4,0.04,7,2,False,False
145,frame_0280.jpg,112.0,0.3186,0.2372,0.4,0.4,5,2,False,False
146,frame_0122.jpg,48.8,0.3165,0.2729,0.2,0.6,3,1,False,False
147,frame_0178.jpg,71.2,0.316,0.328,0.4,0.16,4,2,False,False
148,frame_0084.jpg,33.6,0.3148,0.2697,0.2,0.6,3,1,False,False
149,frame_0378.jpg,151.2,0.3145,0.3571,0.4,0.08,8,2,False,False
150,frame_0316.jpg,126.4,0.3144,0.3247,0.4,0.16,6,2,False,False
151,frame_0318.jpg,127.2,0.3131,0.2902,0.4,0.24,6,2,False,False
152,frame_0119.jpg,47.6,0.3102,0.3083,0.2,0.48,3,1,False,False
153,frame_0118.jpg,47.2,0.3095,0.3231,0.2,0.44,2,1,False,False
154,frame_0011.jpg,4.4,0.3071,0.2141,0.0,1.0,3,0,False,False
155,frame_0014.jpg,5.6,0.3065,0.2131,0.0,1.0,2,0,False,False
156,frame_0019.jpg,7.6,0.3062,0.2124,0.0,1.0,1,0,False,False
157,frame_0098.jpg,39.2,0.3059,0.3558,0.4,0.04,4,2,False,False
158,frame_0275.jpg,110.0,0.3037,0.2874,0.4,0.2,5,2,False,False
159,frame_0305.jpg,122.0,0.3026,0.2532,0.4,0.28,4,2,False,False
160,frame_0229.jpg,91.6,0.3022,0.3323,0.4,0.08,7,2,False,False
161,frame_0321.jpg,128.4,0.298,0.2759,0.4,0.2,7,2,False,False
162,frame_0090.jpg,36.0,0.2977,0.3314,0.2,0.36,4,1,False,False
163,frame_0177.jpg,70.8,0.2973,0.2745,0.4,0.2,4,2,False,False
164,frame_0273.jpg,109.2,0.2971,0.3061,0.4,0.12,3,2,False,False
165,frame_0379.jpg,151.6,0.2962,0.3364,0.4,0.04,6,2,False,False
166,frame_0373.jpg,149.2,0.294,0.2839,0.4,0.16,7,2,False,False
167,frame_0394.jpg,157.6,0.292,0.3119,0.4,0.08,4,2,False,False
168,frame_0109.jpg,43.6,0.2909,0.3098,0.4,0.08,5,2,False,False
169,frame_0114.jpg,45.6,0.2899,0.3478,0.2,0.28,5,1,False,False
170,frame_0193.jpg,77.2,0.2899,0.2438,0.4,0.24,5,2,False,False
171,frame_0105.jpg,42.0,0.2897,0.3074,0.4,0.08,4,2,False,False
172,frame_0026.jpg,10.4,0.2891,0.1781,0.0,1.0,3,0,False,False
173,frame_0231.jpg,92.4,0.2891,0.2742,0.4,0.16,8,2,False,False
174,frame_0021.jpg,8.4,0.2877,0.1754,0.0,1.0,1,0,False,False
175,frame_0383.jpg,153.2,0.2871,0.2862,0.4,0.12,5,2,False,False
176,frame_0083.jpg,33.2,0.2861,0.1961,0.2,0.64,3,1,False,False
177,frame_0013.jpg,5.2,0.2855,0.171,0.0,1.0,3,0,False,False
178,frame_0183.jpg,73.2,0.2832,0.3103,0.4,0.04,4,2,False,False
179,frame_0228.jpg,91.2,0.2823,0.3087,0.4,0.04,4,2,False,False
180,frame_0393.jpg,157.2,0.282,0.428,0.2,0.04,3,1,False,False
181,frame_0325.jpg,130.0,0.2813,0.3067,0.4,0.04,3,2,False,False
182,frame_0091.jpg,36.4,0.2797,0.3113,0.2,0.32,2,1,False,False
183,frame_0009.jpg,3.6,0.2783,0.1566,0.0,1.0,1,0,False,False
184,frame_0269.jpg,107.6,0.2767,0.2973,0.4,0.04,3,2,False,False
185,frame_0391.jpg,156.4,0.2762,0.2964,0.4,0.04,7,2,False,False
186,frame_0184.jpg,73.6,0.2752,0.2783,0.4,0.08,4,2,False,False
187,frame_0108.jpg,43.2,0.2746,0.2932,0.4,0.04,4,2,False,False
188,frame_0104.jpg,41.6,0.2707,0.3734,0.2,0.12,4,1,False,False
189,frame_0092.jpg,36.8,0.2706,0.3092,0.2,0.28,2,1,False,False
190,frame_0023.jpg,9.2,0.2705,0.1409,0.0,1.0,2,0,False,False
191,frame_0185.jpg,74.0,0.27,0.268,0.4,0.08,4,2,False,False
192,frame_0117.jpg,46.8,0.2686,0.2571,0.2,0.4,4,1,False,False
193,frame_0012.jpg,4.8,0.2681,0.1362,0.0,1.0,1,0,False,False
194,frame_0086.jpg,34.4,0.267,0.2059,0.2,0.52,5,1,False,False
195,frame_0314.jpg,125.6,0.2651,0.2583,0.4,0.08,4,2,False,False
196,frame_0324.jpg,129.6,0.2646,0.2572,0.4,0.08,4,2,False,False
197,frame_0022.jpg,8.8,0.262,0.1239,0.0,1.0,3,0,False,False
198,frame_0323.jpg,129.2,0.2592,0.3505,0.2,0.12,3,1,False,False
199,frame_0172.jpg,68.8,0.257,0.2339,0.2,0.4,4,1,False,False
200,frame_0210.jpg,84.0,0.2557,0.2393,0.0,0.68,3,0,False,False
201,frame_0190.jpg,76.0,0.2499,0.3318,0.2,0.12,2,1,False,False
202,frame_0103.jpg,41.2,0.2486,0.3132,0.2,0.16,4,1,False,False
203,frame_0192.jpg,76.8,0.2456,0.2912,0.2,0.2,2,1,False,False
204,frame_0171.jpg,68.4,0.2455,0.1949,0.2,0.44,4,1,False,False
205,frame_0206.jpg,82.4,0.2454,0.1867,0.0,0.76,2,0,False,False
206,frame_0188.jpg,75.2,0.244,0.2321,0.4,0.04,5,2,False,False
207,frame_0307.jpg,122.8,0.2432,0.2864,0.2,0.2,4,1,False,False
208,frame_0181.jpg,72.4,0.2431,0.3502,0.2,0.04,3,1,False,False
209,frame_0116.jpg,46.4,0.2426,0.2212,0.2,0.36,5,1,False,False
210,frame_0389.jpg,155.6,0.2385,0.3091,0.2,0.12,6,1,False,False
211,frame_0313.jpg,125.2,0.2339,0.3317,0.2,0.04,2,1,False,False
212,frame_0080.jpg,32.0,0.2332,0.1623,0.0,0.76,4,0,False,False
213,frame_0372.jpg,148.8,0.2311,0.2942,0.2,0.12,6,1,False,False
214,frame_0308.jpg,123.2,0.2301,0.2761,0.2,0.16,4,1,False,False
215,frame_0102.jpg,40.8,0.2283,0.2887,0.2,0.12,3,1,False,False
216,frame_0202.jpg,80.8,0.2256,0.2111,0.0,0.6,2,0,False,False
217,frame_0214.jpg,85.6,0.2253,0.2427,0.0,0.52,2,0,False,False
218,frame_0180.jpg,72.0,0.2225,0.293,0.2,0.08,3,1,False,False
219,frame_0226.jpg,90.4,0.2225,0.3089,0.2,0.04,3,1,False,False
220,frame_0189.jpg,75.6,0.2218,0.2915,0.2,0.08,3,1,False,False
221,frame_0309.jpg,123.6,0.2198,0.2717,0.2,0.12,4,1,False,False
222,frame_0207.jpg,82.8,0.2183,0.1166,0.0,0.8,2,0,False,False
223,frame_0205.jpg,82.0,0.2155,0.143,0.0,0.72,1,0,False,False
224,frame_0223.jpg,89.2,0.2122,0.3605,0.0,0.16,4,0,False,False
225,frame_0268.jpg,107.2,0.2107,0.2694,0.2,0.08,3,1,False,False
226,frame_0110.jpg,44.0,0.2105,0.253,0.2,0.12,3,1,False,False
227,frame_0211.jpg,84.4,0.206,0.1559,0.0,0.64,2,0,False,False
228,frame_0213.jpg,85.2,0.2013,0.1785,0.0,0.56,3,0,False,False
229,frame_0203.jpg,81.2,0.1996,0.1432,0.0,0.64,1,0,False,False
230,frame_0088.jpg,35.2,0.1951,0.2141,0.0,0.44,3,0,False,False
231,frame_0195.jpg,78.0,0.1945,0.261,0.0,0.32,3,0,False,False
232,frame_0218.jpg,87.2,0.1933,0.2426,0.0,0.36,3,0,False,False
233,frame_0212.jpg,84.8,0.1872,0.1344,0.0,0.6,1,0,False,False
234,frame_0120.jpg,48.0,0.1825,0.1571,0.0,0.52,3,0,False,False
235,frame_0215.jpg,86.0,0.1779,0.1637,0.0,0.48,3,0,False,False
236,frame_0217.jpg,86.8,0.174,0.1879,0.0,0.4,2,0,False,False
237,frame_0219.jpg,87.6,0.1739,0.2199,0.0,0.32,2,0,False,False
238,frame_0201.jpg,80.4,0.1738,0.1236,0.0,0.56,1,0,False,False
239,frame_0199.jpg,79.6,0.1731,0.1542,0.0,0.48,1,0,False,False
240,frame_0200.jpg,80.0,0.1707,0.1334,0.0,0.52,1,0,False,False
241,frame_0101.jpg,40.4,0.1683,0.1846,0.2,0.08,4,1,False,False
242,frame_0310.jpg,124.0,0.1611,0.2902,0.0,0.08,1,0,False,False
243,frame_0179.jpg,71.6,0.151,0.2541,0.0,0.12,3,0,False,False
244,frame_0194.jpg,77.6,0.1466,0.1812,0.0,0.28,4,0,False,False
245,frame_0197.jpg,78.8,0.1454,0.1307,0.0,0.4,2,0,False,False
246,frame_0196.jpg,78.4,0.1433,0.1426,0.0,0.36,1,0,False,False
247,frame_0093.jpg,37.2,0.1401,0.1841,0.0,0.24,3,0,False,False
248,frame_0221.jpg,88.4,0.1346,0.1732,0.0,0.24,4,0,False,False
249,frame_0272.jpg,108.8,0.1332,0.2344,0.0,0.08,2,0,False,False
250,frame_0322.jpg,128.8,0.1258,0.1876,0.0,0.16,5,0,False,False
251,frame_0222.jpg,88.8,0.1247,0.1694,0.0,0.2,3,0,False,False
252,frame_0311.jpg,124.4,0.1194,0.2228,0.0,0.04,3,0,False,False
253,frame_0191.jpg,76.4,0.1192,0.1744,0.0,0.16,2,0,False,False
254,frame_0371.jpg,148.4,0.1175,0.203,0.0,0.08,7,0,False,False
255,frame_0100.jpg,40.0,0.1012,0.1864,0.0,0.04,4,0,False,False
256,frame_0267.jpg,106.8,0.0996,0.1513,0.0,0.12,4,0,False,False
